{"alarms_dict": {"pressure": [0.8043435000000001, 0.84902925, 0.9384007500000001, 0.9830865000000001], "vacuum": [0.0, 0.0, 5e-06, 1e-05], "tsdd1": [-160, -160, -100, -100], "tsdd2": [-160, -160, -100, -100], "tsdd3": [-160, -160, -100, -100], "tsdd4": [-160, -160, -100, -100], "tsdd5": [-160, -160, -100, -100], "tsdd6": [-160, -160, -100, -100], "tsdda": [28.4556, 29.4556, 31.4556, 32.455600000000004], "tsddb": [27.9997, 28.9997, 30.9997, 31.9997], "tsddc": [28.7765, 29.7765, 31.7765, 32.7765], "tsddd": [0.0, 0.0, 200, 200], "tsdr1": [126.001, 127.001, 129.001, 130.001], "tsdr2": [126.00200000000001, 127.00200000000001, 129.002, 130.002]}}